CPU Family,CPU,GPU Family,GPU Model,Config,Mode,Precision,Model,Power Limit,Batches per run,REFERENCE
Ryzen 3000,Ryzen 5 3600,GeForce RTX 3070,ZOTAC GAMING GeForce RTX 3070 Twin Edge OC,syn-replicated-fp16-1gpus-inference,Inference,FP16,alexnet-768,100,50,"9738,37"
Ryzen 3000,Ryzen 5 3600,GeForce RTX 3070,ZOTAC GAMING GeForce RTX 3070 Twin Edge OC,syn-replicated-fp16-1gpus-inference,Inference,FP16,inception3-96,100,50,818
Ryzen 3000,Ryzen 5 3600,GeForce RTX 3070,ZOTAC GAMING GeForce RTX 3070 Twin Edge OC,syn-replicated-fp16-1gpus-inference,Inference,FP16,inception4-24,100,50,"534,9"
Ryzen 3000,Ryzen 5 3600,GeForce RTX 3070,ZOTAC GAMING GeForce RTX 3070 Twin Edge OC,syn-replicated-fp16-1gpus-inference,Inference,FP16,resnet152-64,100,50,833
Ryzen 3000,Ryzen 5 3600,GeForce RTX 3070,ZOTAC GAMING GeForce RTX 3070 Twin Edge OC,syn-replicated-fp16-1gpus-inference,Inference,FP16,resnet50-96,100,50,"2208,97"
Ryzen 3000,Ryzen 5 3600,GeForce RTX 3070,ZOTAC GAMING GeForce RTX 3070 Twin Edge OC,syn-replicated-fp16-1gpus-inference,Inference,FP16,vgg16-96,100,50,"724,4"
Ryzen 3000,Ryzen 5 3600,GeForce RTX 3070,ZOTAC GAMING GeForce RTX 3070 Twin Edge OC,syn-replicated-fp16-1gpus,Train,FP16,alexnet-768,100,50,"3865,85"
Ryzen 3000,Ryzen 5 3600,GeForce RTX 3070,ZOTAC GAMING GeForce RTX 3070 Twin Edge OC,syn-replicated-fp16-1gpus,Train,FP16,inception3-96,100,50,268
Ryzen 3000,Ryzen 5 3600,GeForce RTX 3070,ZOTAC GAMING GeForce RTX 3070 Twin Edge OC,syn-replicated-fp16-1gpus,Train,FP16,inception4-24,100,50,"122,7"
Ryzen 3000,Ryzen 5 3600,GeForce RTX 3070,ZOTAC GAMING GeForce RTX 3070 Twin Edge OC,syn-replicated-fp16-1gpus,Train,FP16,resnet152-64,100,50,176
Ryzen 3000,Ryzen 5 3600,GeForce RTX 3070,ZOTAC GAMING GeForce RTX 3070 Twin Edge OC,syn-replicated-fp16-1gpus,Train,FP16,resnet50-96,100,50,"523,45"
Ryzen 3000,Ryzen 5 3600,GeForce RTX 3070,ZOTAC GAMING GeForce RTX 3070 Twin Edge OC,syn-replicated-fp16-1gpus,Train,FP16,vgg16-96,100,50,840
Ryzen 3000,Ryzen 5 3600,GeForce RTX 3070,ZOTAC GAMING GeForce RTX 3070 Twin Edge OC,syn-replicated-fp32-1gpus-inference,Inference,FP32,alexnet-384,100,50,"6708,28"
Ryzen 3000,Ryzen 5 3600,GeForce RTX 3070,ZOTAC GAMING GeForce RTX 3070 Twin Edge OC,syn-replicated-fp32-1gpus-inference,Inference,FP32,inception3-48,100,50,"533,5"
Ryzen 3000,Ryzen 5 3600,GeForce RTX 3070,ZOTAC GAMING GeForce RTX 3070 Twin Edge OC,syn-replicated-fp32-1gpus-inference,Inference,FP32,inception4-12,100,50,177
Ryzen 3000,Ryzen 5 3600,GeForce RTX 3070,ZOTAC GAMING GeForce RTX 3070 Twin Edge OC,syn-replicated-fp32-1gpus-inference,Inference,FP32,resnet152-24,100,50,"291,8"
Ryzen 3000,Ryzen 5 3600,GeForce RTX 3070,ZOTAC GAMING GeForce RTX 3070 Twin Edge OC,syn-replicated-fp32-1gpus-inference,Inference,FP32,resnet50-48,100,50,"771,4"
Ryzen 3000,Ryzen 5 3600,GeForce RTX 3070,ZOTAC GAMING GeForce RTX 3070 Twin Edge OC,syn-replicated-fp32-1gpus-inference,Inference,FP32,vgg16-48,100,50,338
Ryzen 3000,Ryzen 5 3600,GeForce RTX 3070,ZOTAC GAMING GeForce RTX 3070 Twin Edge OC,syn-replicated-fp32-1gpus,Train,FP32,alexnet-384,100,50,"2550,37"
Ryzen 3000,Ryzen 5 3600,GeForce RTX 3070,ZOTAC GAMING GeForce RTX 3070 Twin Edge OC,syn-replicated-fp32-1gpus,Train,FP32,inception3-48,100,50,137
Ryzen 3000,Ryzen 5 3600,GeForce RTX 3070,ZOTAC GAMING GeForce RTX 3070 Twin Edge OC,syn-replicated-fp32-1gpus,Train,FP32,inception4-12,100,50,441
Ryzen 3000,Ryzen 5 3600,GeForce RTX 3070,ZOTAC GAMING GeForce RTX 3070 Twin Edge OC,syn-replicated-fp32-1gpus,Train,FP32,resnet152-24,100,50,701
Ryzen 3000,Ryzen 5 3600,GeForce RTX 3070,ZOTAC GAMING GeForce RTX 3070 Twin Edge OC,syn-replicated-fp32-1gpus,Train,FP32,resnet50-48,100,50,217
Ryzen 3000,Ryzen 5 3600,GeForce RTX 3070,ZOTAC GAMING GeForce RTX 3070 Twin Edge OC,syn-replicated-fp32-1gpus,Train,FP32,vgg16-48,100,50,-nan
Ryzen 3000,Ryzen 5 3600,GeForce RTX 3070,ZOTAC GAMING GeForce RTX 3070 Twin Edge OC,syn-replicated-fp16-1gpus-inference,Inference,FP16,alexnet-768,130,50,"11459,9"
Ryzen 3000,Ryzen 5 3600,GeForce RTX 3070,ZOTAC GAMING GeForce RTX 3070 Twin Edge OC,syn-replicated-fp16-1gpus-inference,Inference,FP16,inception3-96,130,50,948
Ryzen 3000,Ryzen 5 3600,GeForce RTX 3070,ZOTAC GAMING GeForce RTX 3070 Twin Edge OC,syn-replicated-fp16-1gpus-inference,Inference,FP16,inception4-24,130,50,601
Ryzen 3000,Ryzen 5 3600,GeForce RTX 3070,ZOTAC GAMING GeForce RTX 3070 Twin Edge OC,syn-replicated-fp16-1gpus-inference,Inference,FP16,resnet152-64,130,50,"927,25"
Ryzen 3000,Ryzen 5 3600,GeForce RTX 3070,ZOTAC GAMING GeForce RTX 3070 Twin Edge OC,syn-replicated-fp16-1gpus-inference,Inference,FP16,resnet50-96,130,50,"2478,52"
Ryzen 3000,Ryzen 5 3600,GeForce RTX 3070,ZOTAC GAMING GeForce RTX 3070 Twin Edge OC,syn-replicated-fp16-1gpus-inference,Inference,FP16,vgg16-96,130,50,844
Ryzen 3000,Ryzen 5 3600,GeForce RTX 3070,ZOTAC GAMING GeForce RTX 3070 Twin Edge OC,syn-replicated-fp16-1gpus,Train,FP16,alexnet-768,130,50,"4345,13"
Ryzen 3000,Ryzen 5 3600,GeForce RTX 3070,ZOTAC GAMING GeForce RTX 3070 Twin Edge OC,syn-replicated-fp16-1gpus,Train,FP16,inception3-96,130,50,"306,9"
Ryzen 3000,Ryzen 5 3600,GeForce RTX 3070,ZOTAC GAMING GeForce RTX 3070 Twin Edge OC,syn-replicated-fp16-1gpus,Train,FP16,inception4-24,130,50,138
Ryzen 3000,Ryzen 5 3600,GeForce RTX 3070,ZOTAC GAMING GeForce RTX 3070 Twin Edge OC,syn-replicated-fp16-1gpus,Train,FP16,resnet152-64,130,50,"196,4"
Ryzen 3000,Ryzen 5 3600,GeForce RTX 3070,ZOTAC GAMING GeForce RTX 3070 Twin Edge OC,syn-replicated-fp16-1gpus,Train,FP16,resnet50-96,130,50,"578,25"
Ryzen 3000,Ryzen 5 3600,GeForce RTX 3070,ZOTAC GAMING GeForce RTX 3070 Twin Edge OC,syn-replicated-fp16-1gpus,Train,FP16,vgg16-96,130,50,"93,1"
Ryzen 3000,Ryzen 5 3600,GeForce RTX 3070,ZOTAC GAMING GeForce RTX 3070 Twin Edge OC,syn-replicated-fp32-1gpus-inference,Inference,FP32,alexnet-384,130,50,"9219,45"
Ryzen 3000,Ryzen 5 3600,GeForce RTX 3070,ZOTAC GAMING GeForce RTX 3070 Twin Edge OC,syn-replicated-fp32-1gpus-inference,Inference,FP32,inception3-48,130,50,639
Ryzen 3000,Ryzen 5 3600,GeForce RTX 3070,ZOTAC GAMING GeForce RTX 3070 Twin Edge OC,syn-replicated-fp32-1gpus-inference,Inference,FP32,inception4-12,130,50,"225,85"
Ryzen 3000,Ryzen 5 3600,GeForce RTX 3070,ZOTAC GAMING GeForce RTX 3070 Twin Edge OC,syn-replicated-fp32-1gpus-inference,Inference,FP32,resnet152-24,130,50,328
Ryzen 3000,Ryzen 5 3600,GeForce RTX 3070,ZOTAC GAMING GeForce RTX 3070 Twin Edge OC,syn-replicated-fp32-1gpus-inference,Inference,FP32,resnet50-48,130,50,"973,7"
Ryzen 3000,Ryzen 5 3600,GeForce RTX 3070,ZOTAC GAMING GeForce RTX 3070 Twin Edge OC,syn-replicated-fp32-1gpus-inference,Inference,FP32,vgg16-48,130,50,345
Ryzen 3000,Ryzen 5 3600,GeForce RTX 3070,ZOTAC GAMING GeForce RTX 3070 Twin Edge OC,syn-replicated-fp32-1gpus,Train,FP32,alexnet-384,130,50,"3208,05"
Ryzen 3000,Ryzen 5 3600,GeForce RTX 3070,ZOTAC GAMING GeForce RTX 3070 Twin Edge OC,syn-replicated-fp32-1gpus,Train,FP32,inception3-48,130,50,172
Ryzen 3000,Ryzen 5 3600,GeForce RTX 3070,ZOTAC GAMING GeForce RTX 3070 Twin Edge OC,syn-replicated-fp32-1gpus,Train,FP32,inception4-12,130,50,527
Ryzen 3000,Ryzen 5 3600,GeForce RTX 3070,ZOTAC GAMING GeForce RTX 3070 Twin Edge OC,syn-replicated-fp32-1gpus,Train,FP32,resnet152-24,130,50,793
Ryzen 3000,Ryzen 5 3600,GeForce RTX 3070,ZOTAC GAMING GeForce RTX 3070 Twin Edge OC,syn-replicated-fp32-1gpus,Train,FP32,resnet50-48,130,50,254
Ryzen 3000,Ryzen 5 3600,GeForce RTX 3070,ZOTAC GAMING GeForce RTX 3070 Twin Edge OC,syn-replicated-fp32-1gpus,Train,FP32,vgg16-48,130,50,-nan
Ryzen 3000,Ryzen 5 3600,GeForce RTX 3070,ZOTAC GAMING GeForce RTX 3070 Twin Edge OC,syn-replicated-fp16-1gpus-inference,Inference,FP16,alexnet-768,160,50,"12369,5"
Ryzen 3000,Ryzen 5 3600,GeForce RTX 3070,ZOTAC GAMING GeForce RTX 3070 Twin Edge OC,syn-replicated-fp16-1gpus-inference,Inference,FP16,inception3-96,160,50,"1027,23"
Ryzen 3000,Ryzen 5 3600,GeForce RTX 3070,ZOTAC GAMING GeForce RTX 3070 Twin Edge OC,syn-replicated-fp16-1gpus-inference,Inference,FP16,inception4-24,160,50,636
Ryzen 3000,Ryzen 5 3600,GeForce RTX 3070,ZOTAC GAMING GeForce RTX 3070 Twin Edge OC,syn-replicated-fp16-1gpus-inference,Inference,FP16,resnet152-64,160,50,"978,45"
Ryzen 3000,Ryzen 5 3600,GeForce RTX 3070,ZOTAC GAMING GeForce RTX 3070 Twin Edge OC,syn-replicated-fp16-1gpus-inference,Inference,FP16,resnet50-96,160,50,"2584,1"
Ryzen 3000,Ryzen 5 3600,GeForce RTX 3070,ZOTAC GAMING GeForce RTX 3070 Twin Edge OC,syn-replicated-fp16-1gpus-inference,Inference,FP16,vgg16-96,160,50,906
Ryzen 3000,Ryzen 5 3600,GeForce RTX 3070,ZOTAC GAMING GeForce RTX 3070 Twin Edge OC,syn-replicated-fp16-1gpus,Train,FP16,alexnet-768,160,50,"4590,6"
Ryzen 3000,Ryzen 5 3600,GeForce RTX 3070,ZOTAC GAMING GeForce RTX 3070 Twin Edge OC,syn-replicated-fp16-1gpus,Train,FP16,inception3-96,160,50,325
Ryzen 3000,Ryzen 5 3600,GeForce RTX 3070,ZOTAC GAMING GeForce RTX 3070 Twin Edge OC,syn-replicated-fp16-1gpus,Train,FP16,inception4-24,160,50,"143,7"
Ryzen 3000,Ryzen 5 3600,GeForce RTX 3070,ZOTAC GAMING GeForce RTX 3070 Twin Edge OC,syn-replicated-fp16-1gpus,Train,FP16,resnet152-64,160,50,205
Ryzen 3000,Ryzen 5 3600,GeForce RTX 3070,ZOTAC GAMING GeForce RTX 3070 Twin Edge OC,syn-replicated-fp16-1gpus,Train,FP16,resnet50-96,160,50,"607,5"
Ryzen 3000,Ryzen 5 3600,GeForce RTX 3070,ZOTAC GAMING GeForce RTX 3070 Twin Edge OC,syn-replicated-fp16-1gpus,Train,FP16,vgg16-96,160,50,103
Ryzen 3000,Ryzen 5 3600,GeForce RTX 3070,ZOTAC GAMING GeForce RTX 3070 Twin Edge OC,syn-replicated-fp32-1gpus-inference,Inference,FP32,alexnet-384,160,50,"1971,98"
Ryzen 3000,Ryzen 5 3600,GeForce RTX 3070,ZOTAC GAMING GeForce RTX 3070 Twin Edge OC,syn-replicated-fp32-1gpus-inference,Inference,FP32,inception3-48,160,50,"680,4"
Ryzen 3000,Ryzen 5 3600,GeForce RTX 3070,ZOTAC GAMING GeForce RTX 3070 Twin Edge OC,syn-replicated-fp32-1gpus-inference,Inference,FP32,inception4-12,160,50,242
Ryzen 3000,Ryzen 5 3600,GeForce RTX 3070,ZOTAC GAMING GeForce RTX 3070 Twin Edge OC,syn-replicated-fp32-1gpus-inference,Inference,FP32,resnet152-24,160,50,350
Ryzen 3000,Ryzen 5 3600,GeForce RTX 3070,ZOTAC GAMING GeForce RTX 3070 Twin Edge OC,syn-replicated-fp32-1gpus-inference,Inference,FP32,resnet50-48,160,50,"1026,48"
Ryzen 3000,Ryzen 5 3600,GeForce RTX 3070,ZOTAC GAMING GeForce RTX 3070 Twin Edge OC,syn-replicated-fp32-1gpus-inference,Inference,FP32,vgg16-48,160,50,"647,85"
Ryzen 3000,Ryzen 5 3600,GeForce RTX 3070,ZOTAC GAMING GeForce RTX 3070 Twin Edge OC,syn-replicated-fp32-1gpus,Train,FP32,alexnet-384,160,50,"3433,13"
Ryzen 3000,Ryzen 5 3600,GeForce RTX 3070,ZOTAC GAMING GeForce RTX 3070 Twin Edge OC,syn-replicated-fp32-1gpus,Train,FP32,inception3-48,160,50,"182,8"
Ryzen 3000,Ryzen 5 3600,GeForce RTX 3070,ZOTAC GAMING GeForce RTX 3070 Twin Edge OC,syn-replicated-fp32-1gpus,Train,FP32,inception4-12,160,50,"56,5"
Ryzen 3000,Ryzen 5 3600,GeForce RTX 3070,ZOTAC GAMING GeForce RTX 3070 Twin Edge OC,syn-replicated-fp32-1gpus,Train,FP32,resnet152-24,160,50,830
Ryzen 3000,Ryzen 5 3600,GeForce RTX 3070,ZOTAC GAMING GeForce RTX 3070 Twin Edge OC,syn-replicated-fp32-1gpus,Train,FP32,resnet50-48,160,50,"263,2"
Ryzen 3000,Ryzen 5 3600,GeForce RTX 3070,ZOTAC GAMING GeForce RTX 3070 Twin Edge OC,syn-replicated-fp32-1gpus,Train,FP32,vgg16-48,160,50,-nan
Ryzen 3000,Ryzen 5 3600,GeForce RTX 3070,ZOTAC GAMING GeForce RTX 3070 Twin Edge OC,syn-replicated-fp16-1gpus-inference,Inference,FP16,alexnet-768,190,50,"13079,8"
Ryzen 3000,Ryzen 5 3600,GeForce RTX 3070,ZOTAC GAMING GeForce RTX 3070 Twin Edge OC,syn-replicated-fp16-1gpus-inference,Inference,FP16,inception3-96,190,50,"1076,37"
Ryzen 3000,Ryzen 5 3600,GeForce RTX 3070,ZOTAC GAMING GeForce RTX 3070 Twin Edge OC,syn-replicated-fp16-1gpus-inference,Inference,FP16,inception4-24,190,50,654
Ryzen 3000,Ryzen 5 3600,GeForce RTX 3070,ZOTAC GAMING GeForce RTX 3070 Twin Edge OC,syn-replicated-fp16-1gpus-inference,Inference,FP16,resnet152-64,190,50,"1009,98"
Ryzen 3000,Ryzen 5 3600,GeForce RTX 3070,ZOTAC GAMING GeForce RTX 3070 Twin Edge OC,syn-replicated-fp16-1gpus-inference,Inference,FP16,resnet50-96,190,50,"2653,82"
Ryzen 3000,Ryzen 5 3600,GeForce RTX 3070,ZOTAC GAMING GeForce RTX 3070 Twin Edge OC,syn-replicated-fp16-1gpus-inference,Inference,FP16,vgg16-96,190,50,944
Ryzen 3000,Ryzen 5 3600,GeForce RTX 3070,ZOTAC GAMING GeForce RTX 3070 Twin Edge OC,syn-replicated-fp16-1gpus,Train,FP16,alexnet-768,190,50,"4731,12"
Ryzen 3000,Ryzen 5 3600,GeForce RTX 3070,ZOTAC GAMING GeForce RTX 3070 Twin Edge OC,syn-replicated-fp16-1gpus,Train,FP16,inception3-96,190,50,337
Ryzen 3000,Ryzen 5 3600,GeForce RTX 3070,ZOTAC GAMING GeForce RTX 3070 Twin Edge OC,syn-replicated-fp16-1gpus,Train,FP16,inception4-24,190,50,147
Ryzen 3000,Ryzen 5 3600,GeForce RTX 3070,ZOTAC GAMING GeForce RTX 3070 Twin Edge OC,syn-replicated-fp16-1gpus,Train,FP16,resnet152-64,190,50,"209,8"
Ryzen 3000,Ryzen 5 3600,GeForce RTX 3070,ZOTAC GAMING GeForce RTX 3070 Twin Edge OC,syn-replicated-fp16-1gpus,Train,FP16,resnet50-96,190,50,"617,35"
Ryzen 3000,Ryzen 5 3600,GeForce RTX 3070,ZOTAC GAMING GeForce RTX 3070 Twin Edge OC,syn-replicated-fp16-1gpus,Train,FP16,vgg16-96,190,50,132
Ryzen 3000,Ryzen 5 3600,GeForce RTX 3070,ZOTAC GAMING GeForce RTX 3070 Twin Edge OC,syn-replicated-fp32-1gpus-inference,Inference,FP32,alexnet-384,190,50,"10613,8"
Ryzen 3000,Ryzen 5 3600,GeForce RTX 3070,ZOTAC GAMING GeForce RTX 3070 Twin Edge OC,syn-replicated-fp32-1gpus-inference,Inference,FP32,inception3-48,190,50,708
Ryzen 3000,Ryzen 5 3600,GeForce RTX 3070,ZOTAC GAMING GeForce RTX 3070 Twin Edge OC,syn-replicated-fp32-1gpus-inference,Inference,FP32,inception4-12,190,50,252
Ryzen 3000,Ryzen 5 3600,GeForce RTX 3070,ZOTAC GAMING GeForce RTX 3070 Twin Edge OC,syn-replicated-fp32-1gpus-inference,Inference,FP32,resnet152-24,190,50,359
Ryzen 3000,Ryzen 5 3600,GeForce RTX 3070,ZOTAC GAMING GeForce RTX 3070 Twin Edge OC,syn-replicated-fp32-1gpus-inference,Inference,FP32,resnet50-48,190,50,1054
Ryzen 3000,Ryzen 5 3600,GeForce RTX 3070,ZOTAC GAMING GeForce RTX 3070 Twin Edge OC,syn-replicated-fp32-1gpus-inference,Inference,FP32,vgg16-48,190,50,685
Ryzen 3000,Ryzen 5 3600,GeForce RTX 3070,ZOTAC GAMING GeForce RTX 3070 Twin Edge OC,syn-replicated-fp32-1gpus,Train,FP32,alexnet-384,190,50,"3565,85"
Ryzen 3000,Ryzen 5 3600,GeForce RTX 3070,ZOTAC GAMING GeForce RTX 3070 Twin Edge OC,syn-replicated-fp32-1gpus,Train,FP32,inception3-48,190,50,189
Ryzen 3000,Ryzen 5 3600,GeForce RTX 3070,ZOTAC GAMING GeForce RTX 3070 Twin Edge OC,syn-replicated-fp32-1gpus,Train,FP32,inception4-12,190,50,"59,05"
Ryzen 3000,Ryzen 5 3600,GeForce RTX 3070,ZOTAC GAMING GeForce RTX 3070 Twin Edge OC,syn-replicated-fp32-1gpus,Train,FP32,resnet152-24,190,50,842
Ryzen 3000,Ryzen 5 3600,GeForce RTX 3070,ZOTAC GAMING GeForce RTX 3070 Twin Edge OC,syn-replicated-fp32-1gpus,Train,FP32,resnet50-48,190,50,271
Ryzen 3000,Ryzen 5 3600,GeForce RTX 3070,ZOTAC GAMING GeForce RTX 3070 Twin Edge OC,syn-replicated-fp32-1gpus,Train,FP32,vgg16-48,190,50,-nan
Ryzen 3000,Ryzen 5 3600,GeForce RTX 3070,ZOTAC GAMING GeForce RTX 3070 Twin Edge OC,syn-replicated-fp16-1gpus-inference,Inference,FP16,alexnet-768,220,50,"13500,5"
Ryzen 3000,Ryzen 5 3600,GeForce RTX 3070,ZOTAC GAMING GeForce RTX 3070 Twin Edge OC,syn-replicated-fp16-1gpus-inference,Inference,FP16,inception3-96,220,50,"1104,47"
Ryzen 3000,Ryzen 5 3600,GeForce RTX 3070,ZOTAC GAMING GeForce RTX 3070 Twin Edge OC,syn-replicated-fp16-1gpus-inference,Inference,FP16,inception4-24,220,50,"666,15"
Ryzen 3000,Ryzen 5 3600,GeForce RTX 3070,ZOTAC GAMING GeForce RTX 3070 Twin Edge OC,syn-replicated-fp16-1gpus-inference,Inference,FP16,resnet152-64,220,50,"1009,23"
Ryzen 3000,Ryzen 5 3600,GeForce RTX 3070,ZOTAC GAMING GeForce RTX 3070 Twin Edge OC,syn-replicated-fp16-1gpus-inference,Inference,FP16,resnet50-96,220,50,"2685,58"
Ryzen 3000,Ryzen 5 3600,GeForce RTX 3070,ZOTAC GAMING GeForce RTX 3070 Twin Edge OC,syn-replicated-fp16-1gpus-inference,Inference,FP16,vgg16-96,220,50,"964,5"
Ryzen 3000,Ryzen 5 3600,GeForce RTX 3070,ZOTAC GAMING GeForce RTX 3070 Twin Edge OC,syn-replicated-fp16-1gpus,Train,FP16,alexnet-768,220,50,"4824,48"
Ryzen 3000,Ryzen 5 3600,GeForce RTX 3070,ZOTAC GAMING GeForce RTX 3070 Twin Edge OC,syn-replicated-fp16-1gpus,Train,FP16,inception3-96,220,50,341
Ryzen 3000,Ryzen 5 3600,GeForce RTX 3070,ZOTAC GAMING GeForce RTX 3070 Twin Edge OC,syn-replicated-fp16-1gpus,Train,FP16,inception4-24,220,50,146
Ryzen 3000,Ryzen 5 3600,GeForce RTX 3070,ZOTAC GAMING GeForce RTX 3070 Twin Edge OC,syn-replicated-fp16-1gpus,Train,FP16,resnet152-64,220,50,211
Ryzen 3000,Ryzen 5 3600,GeForce RTX 3070,ZOTAC GAMING GeForce RTX 3070 Twin Edge OC,syn-replicated-fp16-1gpus,Train,FP16,resnet50-96,220,50,"628,75"
Ryzen 3000,Ryzen 5 3600,GeForce RTX 3070,ZOTAC GAMING GeForce RTX 3070 Twin Edge OC,syn-replicated-fp16-1gpus,Train,FP16,vgg16-96,220,50,163
Ryzen 3000,Ryzen 5 3600,GeForce RTX 3070,ZOTAC GAMING GeForce RTX 3070 Twin Edge OC,syn-replicated-fp32-1gpus-inference,Inference,FP32,alexnet-384,220,50,"11095,3"
Ryzen 3000,Ryzen 5 3600,GeForce RTX 3070,ZOTAC GAMING GeForce RTX 3070 Twin Edge OC,syn-replicated-fp32-1gpus-inference,Inference,FP32,inception3-48,220,50,727
Ryzen 3000,Ryzen 5 3600,GeForce RTX 3070,ZOTAC GAMING GeForce RTX 3070 Twin Edge OC,syn-replicated-fp32-1gpus-inference,Inference,FP32,inception4-12,220,50,"262,7"
Ryzen 3000,Ryzen 5 3600,GeForce RTX 3070,ZOTAC GAMING GeForce RTX 3070 Twin Edge OC,syn-replicated-fp32-1gpus-inference,Inference,FP32,resnet152-24,220,50,"361,3"
Ryzen 3000,Ryzen 5 3600,GeForce RTX 3070,ZOTAC GAMING GeForce RTX 3070 Twin Edge OC,syn-replicated-fp32-1gpus-inference,Inference,FP32,resnet50-48,220,50,"1077,65"
Ryzen 3000,Ryzen 5 3600,GeForce RTX 3070,ZOTAC GAMING GeForce RTX 3070 Twin Edge OC,syn-replicated-fp32-1gpus-inference,Inference,FP32,vgg16-48,220,50,713
Ryzen 3000,Ryzen 5 3600,GeForce RTX 3070,ZOTAC GAMING GeForce RTX 3070 Twin Edge OC,syn-replicated-fp32-1gpus,Train,FP32,alexnet-384,220,50,"2671,47"
Ryzen 3000,Ryzen 5 3600,GeForce RTX 3070,ZOTAC GAMING GeForce RTX 3070 Twin Edge OC,syn-replicated-fp32-1gpus,Train,FP32,inception3-48,220,50,193
Ryzen 3000,Ryzen 5 3600,GeForce RTX 3070,ZOTAC GAMING GeForce RTX 3070 Twin Edge OC,syn-replicated-fp32-1gpus,Train,FP32,inception4-12,220,50,"60,1"
Ryzen 3000,Ryzen 5 3600,GeForce RTX 3070,ZOTAC GAMING GeForce RTX 3070 Twin Edge OC,syn-replicated-fp32-1gpus,Train,FP32,resnet152-24,220,50,857
Ryzen 3000,Ryzen 5 3600,GeForce RTX 3070,ZOTAC GAMING GeForce RTX 3070 Twin Edge OC,syn-replicated-fp32-1gpus,Train,FP32,resnet50-48,220,50,"272,9"
Ryzen 3000,Ryzen 5 3600,GeForce RTX 3070,ZOTAC GAMING GeForce RTX 3070 Twin Edge OC,syn-replicated-fp32-1gpus,Train,FP32,vgg16-48,220,50,-nan
Ryzen 3000,Ryzen 5 3600,GeForce RTX 3070,ZOTAC GAMING GeForce RTX 3070 Twin Edge OC,syn-replicated-fp16-1gpus-inference,Inference,FP16,alexnet-768,242,50,"13714,1"
Ryzen 3000,Ryzen 5 3600,GeForce RTX 3070,ZOTAC GAMING GeForce RTX 3070 Twin Edge OC,syn-replicated-fp16-1gpus-inference,Inference,FP16,inception3-96,242,50,"1112,92"
Ryzen 3000,Ryzen 5 3600,GeForce RTX 3070,ZOTAC GAMING GeForce RTX 3070 Twin Edge OC,syn-replicated-fp16-1gpus-inference,Inference,FP16,inception4-24,242,50,672
Ryzen 3000,Ryzen 5 3600,GeForce RTX 3070,ZOTAC GAMING GeForce RTX 3070 Twin Edge OC,syn-replicated-fp16-1gpus-inference,Inference,FP16,resnet152-64,242,50,"1005,03"
Ryzen 3000,Ryzen 5 3600,GeForce RTX 3070,ZOTAC GAMING GeForce RTX 3070 Twin Edge OC,syn-replicated-fp16-1gpus-inference,Inference,FP16,resnet50-96,242,50,"2679,4"
Ryzen 3000,Ryzen 5 3600,GeForce RTX 3070,ZOTAC GAMING GeForce RTX 3070 Twin Edge OC,syn-replicated-fp16-1gpus-inference,Inference,FP16,vgg16-96,242,50,965
Ryzen 3000,Ryzen 5 3600,GeForce RTX 3070,ZOTAC GAMING GeForce RTX 3070 Twin Edge OC,syn-replicated-fp16-1gpus,Train,FP16,alexnet-768,242,50,"4860,13"
Ryzen 3000,Ryzen 5 3600,GeForce RTX 3070,ZOTAC GAMING GeForce RTX 3070 Twin Edge OC,syn-replicated-fp16-1gpus,Train,FP16,inception3-96,242,50,343
Ryzen 3000,Ryzen 5 3600,GeForce RTX 3070,ZOTAC GAMING GeForce RTX 3070 Twin Edge OC,syn-replicated-fp16-1gpus,Train,FP16,inception4-24,242,50,147
Ryzen 3000,Ryzen 5 3600,GeForce RTX 3070,ZOTAC GAMING GeForce RTX 3070 Twin Edge OC,syn-replicated-fp16-1gpus,Train,FP16,resnet152-64,242,50,211
Ryzen 3000,Ryzen 5 3600,GeForce RTX 3070,ZOTAC GAMING GeForce RTX 3070 Twin Edge OC,syn-replicated-fp16-1gpus,Train,FP16,resnet50-96,242,50,"626,05"
Ryzen 3000,Ryzen 5 3600,GeForce RTX 3070,ZOTAC GAMING GeForce RTX 3070 Twin Edge OC,syn-replicated-fp16-1gpus,Train,FP16,vgg16-96,242,50,186
Ryzen 3000,Ryzen 5 3600,GeForce RTX 3070,ZOTAC GAMING GeForce RTX 3070 Twin Edge OC,syn-replicated-fp32-1gpus-inference,Inference,FP32,alexnet-384,242,50,"4015,52"
Ryzen 3000,Ryzen 5 3600,GeForce RTX 3070,ZOTAC GAMING GeForce RTX 3070 Twin Edge OC,syn-replicated-fp32-1gpus-inference,Inference,FP32,inception3-48,242,50,730
Ryzen 3000,Ryzen 5 3600,GeForce RTX 3070,ZOTAC GAMING GeForce RTX 3070 Twin Edge OC,syn-replicated-fp32-1gpus-inference,Inference,FP32,inception4-12,242,50,264
Ryzen 3000,Ryzen 5 3600,GeForce RTX 3070,ZOTAC GAMING GeForce RTX 3070 Twin Edge OC,syn-replicated-fp32-1gpus-inference,Inference,FP32,resnet152-24,242,50,"364,25"
Ryzen 3000,Ryzen 5 3600,GeForce RTX 3070,ZOTAC GAMING GeForce RTX 3070 Twin Edge OC,syn-replicated-fp32-1gpus-inference,Inference,FP32,resnet50-48,242,50,"1075,5"
Ryzen 3000,Ryzen 5 3600,GeForce RTX 3070,ZOTAC GAMING GeForce RTX 3070 Twin Edge OC,syn-replicated-fp32-1gpus-inference,Inference,FP32,vgg16-48,242,50,"724,95"
Ryzen 3000,Ryzen 5 3600,GeForce RTX 3070,ZOTAC GAMING GeForce RTX 3070 Twin Edge OC,syn-replicated-fp32-1gpus,Train,FP32,alexnet-384,242,50,"2978,5"
Ryzen 3000,Ryzen 5 3600,GeForce RTX 3070,ZOTAC GAMING GeForce RTX 3070 Twin Edge OC,syn-replicated-fp32-1gpus,Train,FP32,inception3-48,242,50,193
Ryzen 3000,Ryzen 5 3600,GeForce RTX 3070,ZOTAC GAMING GeForce RTX 3070 Twin Edge OC,syn-replicated-fp32-1gpus,Train,FP32,inception4-12,242,50,61
Ryzen 3000,Ryzen 5 3600,GeForce RTX 3070,ZOTAC GAMING GeForce RTX 3070 Twin Edge OC,syn-replicated-fp32-1gpus,Train,FP32,resnet152-24,242,50,857
Ryzen 3000,Ryzen 5 3600,GeForce RTX 3070,ZOTAC GAMING GeForce RTX 3070 Twin Edge OC,syn-replicated-fp32-1gpus,Train,FP32,resnet50-48,242,50,"274,95"
Ryzen 3000,Ryzen 5 3600,GeForce RTX 3070,ZOTAC GAMING GeForce RTX 3070 Twin Edge OC,syn-replicated-fp32-1gpus,Train,FP32,vgg16-48,242,50,-nan